# Host: localhost  (Version 5.5.5-10.1.36-MariaDB)
# Date: 2019-01-22 02:05:07
# Generator: MySQL-Front 6.1  (Build 1.26)


#
# Structure for table "category"
#

DROP TABLE IF EXISTS `category`;
CREATE TABLE `category` (
  `id` int(11) NOT NULL AUTO_INCREMENT,
  `parentid` int(11) NOT NULL,
  `title` varchar(30) COLLATE utf8mb4_unicode_ci NOT NULL,
  `keywords` varchar(255) COLLATE utf8mb4_unicode_ci NOT NULL,
  `description` varchar(255) COLLATE utf8mb4_unicode_ci NOT NULL,
  `status` varchar(10) COLLATE utf8mb4_unicode_ci NOT NULL,
  PRIMARY KEY (`id`)
) ENGINE=InnoDB AUTO_INCREMENT=28 DEFAULT CHARSET=utf8mb4 COLLATE=utf8mb4_unicode_ci;

#
# Data for table "category"
#

INSERT INTO `category` VALUES (1,0,'Gıdalar','Gıdalar','Gıdalar','True'),(2,0,'Sebzeler ve Meyveler','Sebzeler ve Meyveler k','Sebzeler ve Meyveler d','true'),(3,0,'Ekmekler','Ekmekler','Ekmekler','True'),(4,0,'İçecekler','İçecekler k','İçecekler d','true'),(5,1,'Dondurulmuş Gıdalar','Dondurulmuş Gıdalar k','Dondurulmuş Gıdalar d','true'),(10,0,'Süt ve Kahvaltılık','Süt ve Kahvaltılık k','Süt ve Kahvaltılık d','True'),(11,0,'Et Şarküteri Balık','Et Şarküteri Balık k','Et Şarküteri Balık d','True'),(12,0,'Evcil Hayvan Gıda','Evcil Hayvan Gıda k','Evcil Hayvan Gıda d','true'),(13,2,'Sebzeler','Sebzeler kk','Sebzeler dd','True'),(14,2,'Meyveler','Meyveler','Meyveler','True'),(15,4,'Meşrubatlar','Meşrubat','Meşrubat','True'),(16,4,'Sular','Sular','Sular','True'),(17,10,'Süt','Süt','Süt','True'),(18,10,'Peynir','Peynir','Peynir','True'),(23,10,'Dondurma, Sütlü Tatlı, Krema','Dondurma, Sütlü Tatlı, Krema','Dondurma, Sütlü Tatlı, Krema','True'),(27,1,'Markalı Gıdalar','Markalı Gıdalar','Markalı Gıdalar','True');

#
# Structure for table "image"
#

DROP TABLE IF EXISTS `image`;
CREATE TABLE `image` (
  `id` int(11) NOT NULL AUTO_INCREMENT,
  `product_id` int(11) DEFAULT NULL,
  `image` varchar(100) COLLATE utf8mb4_unicode_ci DEFAULT NULL,
  PRIMARY KEY (`id`)
) ENGINE=InnoDB AUTO_INCREMENT=12 DEFAULT CHARSET=utf8mb4 COLLATE=utf8mb4_unicode_ci;

#
# Data for table "image"
#

INSERT INTO `image` VALUES (2,2,'elma2.jpg'),(3,7,'631ee67c3726c5f7279972c17f96159c.jpeg'),(4,5,'50d410917f7f92fdd4dd6a2ad2cee8a3.jpeg'),(5,8,'cfe973be2f576cb8bf290d318bc61bf0.jpeg'),(6,9,'fab9f70c065db315c08ef395b766fa26.jpeg'),(7,10,'e4a100fedd67d0733a7fcf3193add82c.jpeg'),(8,12,'d86828c6e0aa1062595502a85473ae8f.jpeg'),(9,13,'db8ff18dbb7eb83104b7fede109e174e.jpeg'),(10,16,'c29fe93ab211cdfd0cd85f164d0eeedb.png'),(11,2,'7916816a6023e3810f015b039b586093.jpeg');

#
# Structure for table "messages"
#

DROP TABLE IF EXISTS `messages`;
CREATE TABLE `messages` (
  `id` int(11) NOT NULL AUTO_INCREMENT,
  `name` varchar(20) COLLATE utf8mb4_unicode_ci DEFAULT NULL,
  `email` varchar(50) COLLATE utf8mb4_unicode_ci DEFAULT NULL,
  `subject` varchar(100) COLLATE utf8mb4_unicode_ci DEFAULT NULL,
  `message` varchar(255) COLLATE utf8mb4_unicode_ci DEFAULT NULL,
  `comment` varchar(100) COLLATE utf8mb4_unicode_ci DEFAULT NULL,
  `status` varchar(10) COLLATE utf8mb4_unicode_ci DEFAULT NULL,
  PRIMARY KEY (`id`)
) ENGINE=InnoDB AUTO_INCREMENT=10 DEFAULT CHARSET=utf8mb4 COLLATE=utf8mb4_unicode_ci;

#
# Data for table "messages"
#

INSERT INTO `messages` VALUES (1,'Ali Can','deneme@mynet.com',NULL,NULL,NULL,'Okundu'),(3,'mehmet','mehmet@gmail.com',NULL,'dcksdcbn',NULL,'Okundu'),(5,'esra','esra@gmail.com',NULL,'fffffffffffffffffffff',NULL,'New'),(6,'Mehmet','mehmet@gmail.com',NULL,'siparişim kaç gün içerisinde kargolarnır?','','Okundu'),(7,'selin','selin@gmail.com',NULL,'mesaj',NULL,'New'),(9,'aszxdfgh','mehmet@gmail.com','dfghjkl','sdfghnmö',NULL,'New');

#
# Structure for table "migration_versions"
#

DROP TABLE IF EXISTS `migration_versions`;
CREATE TABLE `migration_versions` (
  `version` varchar(255) COLLATE utf8_unicode_ci NOT NULL,
  PRIMARY KEY (`version`)
) ENGINE=InnoDB DEFAULT CHARSET=utf8 COLLATE=utf8_unicode_ci;

#
# Data for table "migration_versions"
#

INSERT INTO `migration_versions` VALUES ('20181118182428'),('20181123192008'),('20181208191443'),('20181210175257'),('20181211155302'),('20181223224753'),('20181225131559'),('20190112190848'),('20190114144612'),('20190114145953'),('20190114151022');

#
# Structure for table "order_detail"
#

DROP TABLE IF EXISTS `order_detail`;
CREATE TABLE `order_detail` (
  `id` int(11) NOT NULL AUTO_INCREMENT,
  `orderid` int(11) DEFAULT NULL,
  `userid` int(11) DEFAULT NULL,
  `productid` int(11) DEFAULT NULL,
  `price` double DEFAULT NULL,
  `quantity` int(11) DEFAULT NULL,
  `amount` double DEFAULT NULL,
  `name` varchar(150) COLLATE utf8mb4_unicode_ci DEFAULT NULL,
  `status` varchar(15) COLLATE utf8mb4_unicode_ci DEFAULT NULL,
  PRIMARY KEY (`id`)
) ENGINE=InnoDB AUTO_INCREMENT=16 DEFAULT CHARSET=utf8mb4 COLLATE=utf8mb4_unicode_ci;

#
# Data for table "order_detail"
#

INSERT INTO `order_detail` VALUES (1,4,4,23,1,1,1,'Ekmek','Ordered'),(2,4,4,47,3,1,3,'Sütaş Pastörize Günlük Süt 1 L','Ordered'),(3,4,4,43,16.9,5,84.5,'Akkum Lavanta Kokulu İnce Taneli Kedi Kumu 5 L','Ordered'),(4,4,4,52,11,2,22,'Ekici Beyaz Peynir Kg','Ordered'),(5,5,4,3,8,5,40,'Ispanak','Ordered'),(6,5,4,53,12,1,12,'Bahçıvan Tost Kaşar Peynir Kg','Ordered'),(7,6,2,2,5,3,15,'Elma','Ordered'),(8,6,2,42,3.95,3,11.85,'Felix Pouch Çifte Lezzet','Ordered'),(9,6,2,27,5,4,20,'Portakal Suyu','Ordered'),(10,6,2,39,30,1,30,'Somon Balığı','Ordered'),(11,7,4,8,10,4,40,'Çilek','Ordered'),(12,7,4,60,8,1,8,'Cherry Cherry Dondurma','Ordered'),(13,8,4,51,10,1,10,'Pınar Süt 6X200 Ml','Ordered'),(14,9,4,55,5,1,5,'Sütaş Süzme Peynir 500 G','Ordered'),(15,10,4,27,5,1,5,'Portakal Suyu','Ordered');

#
# Structure for table "orders"
#

DROP TABLE IF EXISTS `orders`;
CREATE TABLE `orders` (
  `id` int(11) NOT NULL AUTO_INCREMENT,
  `userid` int(11) DEFAULT NULL,
  `amount` double DEFAULT NULL,
  `name` varchar(20) COLLATE utf8mb4_unicode_ci DEFAULT NULL,
  `address` varchar(150) COLLATE utf8mb4_unicode_ci DEFAULT NULL,
  `city` varchar(15) COLLATE utf8mb4_unicode_ci DEFAULT NULL,
  `phone` varchar(15) COLLATE utf8mb4_unicode_ci DEFAULT NULL,
  `shipinfo` varchar(255) COLLATE utf8mb4_unicode_ci DEFAULT NULL,
  `status` varchar(15) COLLATE utf8mb4_unicode_ci DEFAULT NULL,
  `note` varchar(255) COLLATE utf8mb4_unicode_ci DEFAULT NULL,
  PRIMARY KEY (`id`)
) ENGINE=InnoDB AUTO_INCREMENT=11 DEFAULT CHARSET=utf8mb4 COLLATE=utf8mb4_unicode_ci;

#
# Data for table "orders"
#

INSERT INTO `orders` VALUES (5,4,52,'Meryem Konyar','Kuşcağız mahallesi','Ankara','05531231212','123456','Completed','asdasd'),(6,2,76.85,'Mehmet Yalçınkaya','100. Yıl','Karabük','05441231461','13257861','InShipping','not'),(7,4,48,'Meryem Konyar','Kuşcağız mahallesi','Ankara','05354762158','','Accepted','Kabul edildi.'),(8,4,10,'Meryem Konyar','Kuşcağız mahallesi','Ankara','05354762158','','Canceled','iptal edilmiştir'),(9,4,5,'Meryem Konyar','Kuşcağız mahallesi','Ankara','05354762158','','Accepted',''),(10,4,5,'Meryem Konyar','Kuşcağız mahallesi','Ankara','05354762158',NULL,'New',NULL);

#
# Structure for table "product"
#

DROP TABLE IF EXISTS `product`;
CREATE TABLE `product` (
  `id` int(11) NOT NULL AUTO_INCREMENT,
  `title` varchar(150) COLLATE utf8mb4_unicode_ci DEFAULT NULL,
  `keywords` varchar(255) COLLATE utf8mb4_unicode_ci DEFAULT NULL,
  `description` varchar(255) COLLATE utf8mb4_unicode_ci DEFAULT NULL,
  `type` varchar(255) COLLATE utf8mb4_unicode_ci DEFAULT NULL,
  `mark_id` int(11) DEFAULT NULL,
  `pyear` int(11) DEFAULT NULL,
  `cyear` int(11) DEFAULT NULL,
  `amount` int(11) DEFAULT NULL,
  `pprice` double DEFAULT NULL,
  `sprice` double DEFAULT NULL,
  `minamount` int(11) DEFAULT NULL,
  `detail` longtext COLLATE utf8mb4_unicode_ci,
  `image` varchar(150) COLLATE utf8mb4_unicode_ci DEFAULT NULL,
  `category_id` int(11) DEFAULT NULL,
  `user_id` int(11) DEFAULT NULL,
  `status` varchar(10) COLLATE utf8mb4_unicode_ci DEFAULT NULL,
  `slider` varchar(10) COLLATE utf8mb4_unicode_ci DEFAULT NULL,
  PRIMARY KEY (`id`)
) ENGINE=InnoDB AUTO_INCREMENT=62 DEFAULT CHARSET=utf8mb4 COLLATE=utf8mb4_unicode_ci;

#
# Data for table "product"
#

INSERT INTO `product` VALUES (2,'Elma','Elma','Elma',NULL,NULL,NULL,NULL,8,3,5,NULL,'<p><strong>Elma </strong>sulu, sert, lezzetli ve tazedir. Kırmızı elma tadını sevenler için ideal bir lezzet sunar.&nbsp;</p>','b4b04c93e1cff8b01a71e71c0827b3e7.png',14,NULL,'True',NULL),(3,'Ispanak','Ispanak','Ispanak',NULL,NULL,NULL,NULL,8,5,8,NULL,'<p><strong>Ispanak</strong>, temizlenip paketlenmiş, pratik bir pakette sunulur.&nbsp;Doğramakla uğraşmanıza gerek kalmaz. Bu açıdan özellikle yemek yapmak için fazla vakit ayıramayan herkes için pratik yemek yapma olanağı sunar.&nbsp;</p><p><br>&nbsp;</p><p>Hem doyurucu hem de hafif bir seçenek olarak Türk mutfağında önemli bir yere sahip olan ıspanağın klasik yemeğini yapabilir, farklı lezzetler deneyebilirsiniz.</p><p><strong>Ispanaklı Sufle</strong></p><p><strong>1.</strong>&nbsp;500 gr ıspanağı kaynar suda 5 dakika kadar haşlayıp, süzün.&nbsp;</p><p><strong>2.</strong>&nbsp;Soğumalarını bekleyip fazla suyunu sıktıktan sonra ince ince doğrayın.&nbsp;</p><p><strong>3.</strong>&nbsp;3 yumurtanın beyazını ayırıp, çırparak kar haline getirin.&nbsp;</p><p><strong>4.</strong>&nbsp;4 çorba kaşığı tereyağını&nbsp;küçük bir tencerede eritin.&nbsp;4 çorba kaşığı un&nbsp;ilave edip kavurun ve karıştırırken&nbsp;2 su bardağı süt&nbsp;ekleyin.&nbsp;</p><p><strong>5.&nbsp;</strong>Kısık ateşte karıştırarak pişirin ve koyulaşınca ıspanağı ekleyip karıştırın.</p><p><strong>6.</strong>&nbsp;Birer porsiyonluk 4 sufle kabını yağlayıp, karışıma yumurta akını ilave ederek, yavaşça karıştırın ve kalıplara boşaltın.&nbsp;</p><p><strong>7.</strong>&nbsp;180 derecede ısıttığınız fırında 25-30 dakika pişirin ve sıcak olarak servis edin.</p><p>Afiyet olsun!</p>','6456b01429ec4206fc4bada7f1a0223d.png',13,NULL,'True',NULL),(4,'Karnabahar','Karnabahar','Karnabahar',NULL,NULL,NULL,NULL,5,6,12,NULL,'<p><strong>Karnabahar</strong>, besleyici yönden zengin bir kış sebzesidir. Hem zeytinyağlı hem de kıymalı yemek seçenekleri ile sofralarınıza lezzet katar.&nbsp;</p><p><strong>Karnabahar Köftesi</strong></p><p><strong>1.&nbsp;</strong>Karnabaharı ayıklayıp, çiçeklerine ayırın. Biraz tuz ekleyerek kaynar suda, 6-8 dakika haşlayın.&nbsp;</p><p><strong>2.</strong>&nbsp;Kuru soğan ve sarımsakları ayıklayıp, rendeleyin. Dereotu ve maydanoz yapraklarını incecik kıyın.</p><p><strong>3.</strong>&nbsp;Haşladığınız karnabaharları blenderdan geçirip, püre kıvamına getirin.</p><p><strong>4.</strong>&nbsp;Püre halindeki&nbsp;karnabaharları; yumurta, zeytinyağı, rendelenmiş soğan, sarımsak, kaşar peyniri, un, dereotu, maydanoz ve baharatlarla karıştırın.</p><p><strong>5.</strong>&nbsp;Karışımdan yassı köfteler hazırlayıp üzerini streç filmle kaplayarak buzdolabında dinlendirin.</p><p><strong>6.</strong>&nbsp;Geniş bir tavada ayçiçek yağı kızdırın ve köfteleri önce çırpılmış yumurtaya, ardından galeta ununa bulayarak, her iki yönü de eşitçe pişene kadar kızartın.</p><p>Hepsi bu kadar!&nbsp;</p>','1ac0dbf2e484820d8ba69fe4cf784f9f.png',13,NULL,'True',NULL),(5,'Brokoli','Brokoli','Brokoli',NULL,NULL,NULL,NULL,6,6,15,NULL,'<p><strong>Brokoli Bütün</strong>, hemen her türlü tarife uyarlayabileceğiniz, lezzetli ve besleyici sebzelerdendir.&nbsp;</p><p><br>&nbsp;</p><p>Brokoliyi buharda pişirip salatalara dahil edebileceğiniz gibi, makarna soslarında kullanabilir ya da çorbasını yapabilirsiniz.&nbsp;</p>','a6545099339631b588341b9f553a447d.png',13,NULL,'True','True'),(6,'Pırasa','Pırasa','Pırasa',NULL,NULL,NULL,NULL,27,3,8,NULL,'<p><strong>Pırasa (Kg)&nbsp;</strong>taze, lezzetli ve besleyicidir. Pırasa ile pilavdan, yumurtaya, zeytinyağlıdan, salata ve gratene kadar pek çok çeşit yemek yapabilirsiniz.&nbsp;</p><p><strong>Pırasalı Graten</strong></p><ol><li>Geniş bir tepsiye kabukları soyulmuş ve kesilmiş patatesleri yerleştirin. Üzerlerine tuz, karabiber ve pul biber serpip,&nbsp;havuç, soğan, pırasa ve sarımsak ekleyin. En üst kata yeniden patates yerleştirin.</li><li>Derin bir kâsede&nbsp;1 yemek kaşığı&nbsp;hardal, bir bardak su ve 1 paket sebze bulyon karıştırın. Sebzelerin üzerinde gezdirin.</li><li>Önceden ısıttığınız 180 derece fırında bir saat pişirin. İsteğe bağlı olarak rendelenmiş peynir ile 10 dakika daha fazla pişirerek, sıcak olarak servis edin.</li></ol><p>Afiyet olsun!</p>','24c7eb2860b59803a9968d0f2c1d868b.png',13,NULL,'True','True'),(7,'Patlıcan','Patlıcan','Patlıcan',NULL,NULL,NULL,NULL,34,6,7,NULL,'<p><strong>Kemer Patlıcan, </strong>Türk mutfağının&nbsp;hem lezzetli hem de besleyici sebzelerinden biridir. Salatalar, kızartmalar ve yemekler için uygundur.&nbsp;</p><p><br>&nbsp;</p><p>Besleyici özellikleri yüksek bir sebze olan patlıcan, mutfakların vazgeçilmezlerinden biri. Kendine has tadı ile pek çok yemeğe lezzet katan&nbsp;patlıcanla lezzetli ve doyurucu birçok yemek hazırlamak elinizde!&nbsp;</p>','d0d325c422f2206c07ccc9e3f001197f.png',13,NULL,'True','False'),(8,'Çilek','Çilek','Çilek',NULL,NULL,NULL,NULL,36,6,10,NULL,'<p><strong>Çilek</strong>, herkesin çok sevdiği lezzetli mi lezzetli, yaz meyvelerden biridir. Sade olarak tüketebileceğiniz çilek, tatlı ve pastalarla da çok yakışır.&nbsp;</p><p><br>&nbsp;</p><p>Bol lifli yapısı ile uzun süre tokluk sağlayan çilek, toprakta yetiştiğinden yenmeden önce iyice yıkanmalıdır. Çilekle çeşitli içecekler hazırlayabilir, farklı bir deneyim için&nbsp;koyu yeşil yapraklı sebzelerle yaptığınız salatalara katabilirsiniz.</p><p><strong>Çilek Püreli Yoğurt</strong></p><p><strong>1.</strong>&nbsp;Çilek püresi için 10 çileği ortadan ikiye kesin.</p><p><strong>2.</strong>&nbsp;Sos tenceresinde çilekleri 1 yemek kaşığı pudra şekeri, 1/2 bardak su ve 1 tatlı kaşığı mısır nişastası ile karıştırın ve kıvam alana kadar kısık ateşte pişirin.</p><p><strong>3.</strong>&nbsp;Ocaktan aldığınız karışımı blender\'dan geçirip püre haline getirin ve soğuması için bekletin.</p><p><strong>4.</strong>&nbsp;Ayrı bir yerde 8 çilek daha temizleyip, ince ince dilimleyin.</p><p><strong>5.</strong>&nbsp;500 gr. süzme yoğurdu&nbsp;2 yemek kaşığı pudra şekeri,&nbsp;2 damla limon suyu&nbsp;ve&nbsp;1 tatlı kaşığı bal ile&nbsp;karıştırın.</p><p><strong>6.</strong>&nbsp;Soğuttuğunuz çilek püresini bardaklara paylaştırın. Dilimlediğiniz çilekleri bardağın kenarına dik olarak yerleştirin.</p><p><strong>7.</strong>&nbsp;Çırpılmış süzme yoğurdu ekleyin ve soğuk olarak servis edin.&nbsp;</p><p>Afiyet olsun!</p>','2ba8f5118d6268f0050874749fd33eb6.png',14,NULL,'True','True'),(9,'Muz','Muz','Muz',NULL,NULL,NULL,NULL,24,5,9,NULL,'<p><strong>İthal Muz Kg.</strong>&nbsp;tek başına tüketilebileceği gibi, meyve salatalarında, tatlılarda&nbsp;ve bazı yemeklerde de kullanılabilir.&nbsp;Muz genel anlamda besin değerleri oldukça yüksek bir meyvedir.&nbsp;</p><p><br>&nbsp;</p><p>Örneğin bisküvili pastanızın ara katlarına muz ilave ederek çok güzel bir lezzet yakalayabilirsiniz. Ya da benmari usulü eritilmiş çikolataya batırarak da tercih edebilirsiniz. Bunun yanı sıra değişik lezzetlerden hoşlananlar yemeklerinde de muzu kullanabilirler.&nbsp;</p><p>&nbsp;</p><p><strong>Muzlu Kek</strong></p><p><strong>1.&nbsp;</strong>3 adet yumurta ve&nbsp;¾ su bardağı toz şekeri krema kıvamı alana kadar&nbsp;çırpın.&nbsp;</p><p><strong>2.</strong>&nbsp;Karışıma&nbsp;½ su bardağı süt,&nbsp;2 yemek kaşığı yoğurt&nbsp;ve&nbsp;½ su bardağı ayçiçek yağını&nbsp;ekleyip çırpmaya devam edin.&nbsp;</p><p><strong>3.</strong>&nbsp;2 kabuğu soyulmuş muzu küçük küplere ayırın.&nbsp;1,5 su bardağı un,&nbsp;1 paket vanilya ve&nbsp;1 paket kabartma tozunu&nbsp;ayrı bir kapta karıştırın.&nbsp;</p><p><strong>4.&nbsp;</strong>Sıvı malzemeleri karıştırdığınız kek hamuruna azar azar unlu karışımı ekleyin.</p><p><strong>5.&nbsp;</strong>Kek kalıbınızı tereyağıyla yağlayıp,&nbsp;kek harcının yarısını kalıba aktarın ve muz küplerini ilave edin.&nbsp;</p><p><strong>6.&nbsp;</strong>Kalan kek hamurunu da ekledikten sonra önceden ısıtılmış 170 derece fırında, 35-40 dakika kadar pişirin.</p><p><strong>7.&nbsp;</strong>Üzeri hafif kızaran keki oda sıcaklığında dinlendirdikten sonra kalıptan çıkarın ve dilimleyerek servis edin.</p>','ffe765f588b2941eeed55b7d44122b6b.png',14,NULL,'True',NULL),(10,'Portakal','Portakal','Portakal',NULL,NULL,NULL,NULL,28,3,5,NULL,'<p><strong>Portakal Washington,&nbsp;</strong>hem lezzetli hem de bol sulu bir meyvedir. Meyve salatalarınıza katabilir, yemekleri tatlandırmak için deneyebilirsiniz.</p><p>&nbsp;</p>','6f7f2b5f354aacc058b037857285222a.png',14,NULL,'True',NULL),(11,'Kivi','Kivi','Kivi',NULL,NULL,NULL,NULL,36,6,12,NULL,'<p><strong>Kivi (Kg),</strong>&nbsp;lezzetli ve faydalı bir meyvedir. Bir meyve olarak tek başına tüketilebileceği gibi, meyve salatalarında, pastalarda, tatlılarda ve yemek süslemesi yaparken de kullanılır.&nbsp;</p><p><br>&nbsp;</p><p><strong>İyi Tarım, İyi Gelecek!</strong></p><p>Analizi yapılmış toprağa, kayıt altına alınmış fideler ekilir.</p><p>Ziraat mühendisleri denetiminde, yeterli miktarda, reçeteli zirai ilaçlama yapılır.</p><p>Ruhsatlı gübreler gerektiği kadar kullanılır.</p><p>Üretimde kullanılacak su analiz edilir ve bitkinin ihtiyacı kadar kullanılır.</p><p>Hasat esnasında ilaç kalıntı analizi yapılır. Hasat zamanında temizlik ve hijyen kurallarına uyulur.</p><p>Tüm üretim süresince çevre ve insan sağlığına duyarlılık esastır.</p><p>Sertifikasyon kurallarına uyan denetim kuruluşlarına, Gıda, Tarım ve Hayvancılık Bakanlığı tarafından yetki verilir.</p><p>Tarladan rafa kadar kayıt altına alınan her üretim aşaması bu yetkilendirilmiş kuruluşlar tarafından denetlenir ve sertifikalandırılır.</p><p>Sertifikalandırılmış, sağlıklı ürünler satışa sunulur.&nbsp;</p><p><br>&nbsp;</p><p>&nbsp;</p>','cedf288219c1e4679d672ebf79ab5f9f.jpeg',14,NULL,'True',NULL),(12,'Patates','Patates','Patates',NULL,NULL,NULL,NULL,10,3,9,NULL,'<p>Superfresh, Türkiye’nin ilk perakende dondurulmuş gıda markası Kerevitaş’a bağlı bir markadır.<strong>&nbsp;Kerevitaş&nbsp;</strong>dünya standartlarındaki üretimiyle TSE-<strong>ISO-9001 ve TSE-ISO-22000</strong>&nbsp;üretim ve kalite sertifikalarına sahiptir. Superfresh 1990’dan beri sebze-meyve, su ürünleri ve pizza çeşitleriyle dondurulmuş gıda pazarında bulunmaktadır. 43’ten fazla ürüne sahiptir. Depolarında -18 derecede saklanan ürünler 300’den fazla araçla dağıtıma çıkmaktadır.</p><p>&nbsp;</p><p>-40˚C\'de IQF yöntemiyle şoklanarak dondurulan&nbsp;sebze ve meyveler, buzdolabında 24 saat, buzlukta 7 gün ve -18˚C\'deki derin dondurucuda&nbsp;son tüketim tarihine kadar (2 yıl) saklanabilir.</p>','a1fc355c42240f140f88639490c95e16.png',5,NULL,'True',NULL),(13,'Bezelye','Bezelye','Bezelye',NULL,NULL,NULL,NULL,20,2,10,NULL,'<p>Superfresh, Türkiye’nin ilk perakende dondurulmuş gıda markası Kerevitaş’a bağlı bir markadır.&nbsp;<strong>Kerevitaş</strong>&nbsp;dünya standartlarındaki üretimiyle&nbsp;<strong>TSE-ISO-9001 ve TSE-ISO-22000</strong>&nbsp;üretim ve kalite sertifikalarına sahiptir. Superfresh 1990’dan beri sebze-meyve, su ürünleri ve pizza çeşitleriyle dondurulmuş gıda pazarında bulunmaktadır. 43’ten fazla ürüne sahiptir. Depolarında -18 derecede saklanan ürünler 300’den fazla araçla dağıtıma çıkmaktadır.</p><p>&nbsp;</p><p><strong>-40˚C\'de IQF&nbsp;</strong>yöntemiyle şoklanarak dondurulan&nbsp;sebze ve meyveler, buzdolabında 24 saat, buzlukta 7 gün ve -18˚C\'deki derin dondurucuda&nbsp;son tüketim tarihine kadar (2 yıl) saklanabilir.</p>','d6ea7a5bcbf520053da79cb59d80b998.png',5,NULL,'True','True'),(14,'Üçgen Mantı','Üçgen Mantı','Üçgen Mantı',NULL,NULL,NULL,NULL,63,5,6,NULL,'<p><strong>Pınar Kayseri Mantısı,</strong> kare mantı ve kayseri mantısı olarak&nbsp;iki şekilde üretilmiştir. Paketin üzerindeki şeffaf pencere sayesinde aldığınız ürünü görebilirsiniz.</p><p><br>&nbsp;</p><p>Geleneksel lezzetimiz mantının keyifle yenmesi için mantının iç malzemesi ve hamuru kadar sosu da son derece önemlidir.&nbsp;</p>','54d01985dcdd872237b107e3621a6e7c.jpeg',5,NULL,'True',NULL),(15,'Milföy','Milföy','Milföy',NULL,NULL,NULL,NULL,58,3,9,NULL,'<p>Bir tanesi tam 128 kattan oluşmaktadır. Misafirlerinize bu lezzetli hamurdan yapacağınız börekleri sunabilirsiniz.</p><p>&nbsp;</p><p>Milföy hamurlarını istediğiniz şekillere sokarak farklı hamur işleri de yapabilirsiniz.</p>','b4c88a93f486479294da46f42a3a3e8b.jpeg',5,NULL,'True',NULL),(16,'Garnitür','Garnitür','Garnitür',NULL,NULL,NULL,NULL,6,1,3,NULL,'<p>Superfresh, Türkiye’nin ilk perakende dondurulmuş gıda markası Kerevitaş’a bağlı bir markadır.<strong>&nbsp;Kerevitaş&nbsp;</strong>dünya standartlarındaki üretimiyle TSE-<strong>ISO-9001 ve TSE-ISO-22000</strong>&nbsp;üretim ve kalite sertifikalarına sahiptir. Superfresh 1990’dan beri sebze-meyve, su ürünleri ve pizza çeşitleriyle dondurulmuş gıda pazarında bulunmaktadır. 43’ten fazla ürüne sahiptir. Depolarında -18 derecede saklanan ürünler 300’den fazla araçla dağıtıma çıkmaktadır.</p><p>&nbsp;</p><p>-40˚C\'de IQF yöntemiyle şoklanarak dondurulan&nbsp;sebze ve meyveler, buzdolabında 24 saat, buzlukta 7 gün ve -18˚C\'deki derin dondurucuda&nbsp;son tüketim tarihine kadar (2 yıl) saklanabilir.</p>','eac98f32fa13964b7c0110830b2f7c41.jpeg',5,NULL,'True',NULL),(17,'Makarna','Makarna','Makarna',NULL,NULL,NULL,NULL,32,1,2.95,NULL,'<p><strong>Barilla Fusulli-Burgu Makarnası </strong>özenle seçilmiş durum buğdayından yüksek teknolojiyle elde edilmiş bir makarnadır. Hamurlaşmayan ve yapışmayan Barilla ürünleri; lezzeti, kıvamı ve kalitesiyle damak tadına önem verenlere, makarna tutkunlarına hitap etmektedir. Barilla makarnanın pişirme süresi 8 ile 10 dakika arasındadır.</p><p><br>&nbsp;</p><p>Fusilli, orta-kuzey İtalya’da doğmuştur ve ismini yün eğrilen kirman olan \"fuso\"dan alır. Spiral bir şekilde dönen ve her türlü çeşniyi içinde tutabilen bu çeşit, armonik bir şekilde birbirine sarılı iki kanattan meydana gelmektedir.</p>','ecd67ce898a9518303e3903aef10bd56.jpeg',27,NULL,'True',NULL),(18,'Mercimek','Mercimek','Mercimek',NULL,NULL,NULL,NULL,8,7,7.35,NULL,'<p><strong>Yayla Kırmızı Mercimek 1 Kg. </strong>kabuklu halde toplanan kırmızı mercimeğin işlenmesi ile meydana gelir.&nbsp;Bu kırmızı mercimeklerin kabukları soyulur ve ayçiçek yağı ile cilalanır. Ülkemizde kırmızı mercimek üretiminin büyük bir bölümü <strong>Güneydoğu Anadolu\'</strong>da yapılmaktadır. <strong>Gaziantep, Şanlıurfa, Nusaybin, Diyarbakır ve Mardin</strong>\'de yetiştirilmektedir.</p><p><br>&nbsp;</p><p>Mercimek satın alırken içerisinde beyaz, delikli, hasarlı tanelerin olmaması gerekmektedir. Mercimek taneleri sağlam, bütün, iyi kurutulmuş ve rutubeti en fazla %12 olmalıdır.</p>','67f765e5a1cd7b47408bb82727c045eb.jpeg',27,NULL,'True',NULL),(19,'Pirinç','Pirinç','Pirinç',NULL,NULL,NULL,NULL,25,10,12.5,NULL,'<p><strong>Yayla Gönen Baldo Pirinç,</strong> Gönen\'in bereketli tarlalarında yetişir. Özenle hazırladığınız et ve sebze yemeklerinin yanında tane tane dağılan leziz bir pirinç pilavı yapabilirsiniz.</p><p><br>&nbsp;</p><p><strong>Pilav Yapmanın Püf Noktaları</strong></p><p>Pilavınızın lezzetli ve tane tane olması için gereken püf noktalar:&nbsp;</p><p>-&nbsp;Pirinçleri çok iyi bir şekilde yıkayın.&nbsp;</p><p>- Pirinç ve suyun oranını çok iyi ayarlayın. Örneğin 1 bardak pirinç için 1.5 bardak su yeterli olur.&nbsp;</p><p>- Pilavı alçak ve geniş tencerede pişirin. Böylelikle pirinçler ısıya daha çok maruz kalıp şişerler.&nbsp;</p><p>- Pilavı pişirirken kaynar su ekledikten sonra birkaç damla limon suyu ve bir çay kaşığı kadar şeker eklemeniz pilavın rengi ve lezzeti için yararlı olabilir.&nbsp;</p><p>- Pilavı piştikten hemen sonra servis etmek yerine tencereyle kapak arasına kağıt havlu koyarak dinlenmesini sağlayabilirsiniz.&nbsp;</p><p><br>&nbsp;</p><p><strong>Nasıl Saklanmalı?</strong></p><p>Güneş ışığından uzak, serin ve rutubetsiz bir yerde muhafaza edilmesi gerekir. Uzun süreli kullanımlar için bez torbalarda saklamak daha uygun.</p>','31beb8fd6753f90f088bd3cee07b41eb.jpeg',27,NULL,'True',NULL),(20,'Nohut','Nohut','Nohut',NULL,NULL,NULL,NULL,5,11,9.45,NULL,'<p>Nohut, Nevşehir, Gönen, Konya, Yozgat, Çorum, Ankara, Isparta, Eskişehir, Gaziantep, Denizli, ve Çanakkale\'de yetişmektedir.</p><p><br>&nbsp;</p><p>Paketlemede 9-10 mm olan en iri taneler tercih edilmektedir. Koçbaşı lüks nohut sınıfına girmektedir. Bu nohutlar köşeli ve uzundur.</p><p><br>&nbsp;</p><p>Nohutta yeşil renkli ham taneler, koyu kahverengi sert taneler olmamalıdır. Taneler tüylü ise tercih edilen bölgelerin nohutları değildir.&nbsp;İyi ve kaliteli nohut bütün taneleri beyaz ve hepsi aynı zamanda pişen nohuttur.</p>','f07de6ca881c385940794137d1c0f798.jpeg',27,NULL,'True',NULL),(21,'Bulgur','Bulgur','Bulgur',NULL,NULL,NULL,NULL,17,3,4.25,NULL,'<p><strong>Torku Pilavlık Bulgur</strong>, iri taneleri ve mis kokulu aroması ile pilav çeşitlerini sevenlerin damak tadına hitap ediyor.&nbsp;</p><p><br>&nbsp;</p><p>Et ve tavuk yemekleri ile, sebzeli tariflerle yan yana geldiğinde çok yakışan bulgur pilavını sade yapabileceğiniz gibi, çeşitli sebzelerle karıştırarak da yapabilirsiniz.&nbsp;</p>','269b8c1456c56835f9457c1f1879b1c8.jpeg',27,NULL,'True',NULL),(22,'Ekmek','Ekmek','Ekmek',NULL,NULL,NULL,NULL,18,1,1,NULL,'<p><strong>İyilik Çavdarlı Ekmek 400 g.,</strong>&nbsp;zengin lifler açısından en değerli tahıl ürünlerinden üretilmektedir.</p><p>&nbsp;</p><p><br>&nbsp;</p><p>Yemeklere lezzet katan çavdalı ekmek, tostlar ve sandviçler için de harika bir lezzet!&nbsp;</p><p><br>&nbsp;</p><p>İyilik Çavdarlı Ekmek 400 g. ürününü Migros Sanal Market’in <strong>Diğer Ekmek</strong> reyonundan satın alabilir, tek tıkla online sipariş verebilir, ödemeyi&nbsp;<strong>online olarak ya da kapıda kredi kartı</strong>&nbsp;ile gerçekleştirebilir, ürününüzü aynı gün içinde teslim alabilirsiniz.</p>','3041fe915be06e835e0c452ef5a1f223.png',3,NULL,'True',NULL),(23,'Ekmek','Ekmek','Ekmek',NULL,NULL,NULL,NULL,23,1,1,NULL,'<p>Formuna özen gösteren kişiler için üretilen <strong>Uno Kepekli Ekmek</strong> Migros Sanal Market\'inizde.&nbsp;</p><p><br>&nbsp;</p><p>Dilimli formu sayesinde Uno kepekli ekmekle sabah kahvaltılarında pratik bir şekilde tost yapabilir, kepekli formuyla da uzun süre tok kalabilirsiniz.</p>','ea74837c9630450f510a3412073a4249.png',3,NULL,'True',NULL),(24,'Ekmek','Ekmek','Ekmek',NULL,NULL,NULL,NULL,45,1,1,NULL,'<p>İstanbul Halk Ekmeği, tüketicisine ekonomik, hijyenik, taze un ve unlu mamülleri sunmayı amaçlamış ve bunu başarmıştır. Teknolojik gelişmeleriyle yeniliklere ayak uydurmuştur. Farklı ekmek çeşitlerini denemek, kahvaltı ve yemek sofralarınızı zenginleştirmek istiyorsanız İHE ekmeklerini Migros Sanal Market\'in&nbsp;<strong>Ekmek</strong>&nbsp;reyonundan satın alabilirsiniz.</p>','6a2ae6b6544f58ef2b42b9fb2a7767c8.png',3,NULL,'True',NULL),(25,'Ekmek','Ekmek','Ekmek',NULL,NULL,NULL,NULL,32,1,1,NULL,'<p>Doğru beslenmenin önemini bilen UNO, \" <strong>Tamtane</strong>\" ürünleriyle sofranızda yer alıyor.&nbsp;<strong>Uno Denge Tambuğdaylı ve Çiya Tohumlu Ekmek</strong>, çiya tohumunun tüm besleyiciliğini içinde barındırıyor.</p><p><br>&nbsp;</p><p>Çiya tohumundan üretilen Denge Çiya ve Tam Buğday kahvaltıda ve yemeklerle tercih edebileceğiniz lezzetli ve hafif bir ekmek.&nbsp;</p>','c1271222da88403c07068c96752be8c0.png',3,NULL,'True',NULL),(26,'Ekmek','Ekmek','Ekmek',NULL,NULL,NULL,NULL,28,1,1,NULL,'<p><strong>İstanbul Halk Ekmeği</strong>, tüketicisine ekonomik, hijyenik, taze un ve unlu mamülleri sunmayı amaçlamış ve bunu başarmıştır. Teknolojik gelişmeleriyle yeniliklere ayak uydurmuştur. Farklı ekmek çeşitlerini denemek, kahvaltı ve yemek sofralarınızı zenginleştirmek istiyorsanız İHE ekmeklerini Migros Sanal Market\'in&nbsp;<strong>Unlu Mamüller</strong>&nbsp;reyonundan satın alabilirsiniz.</p><p><br>&nbsp;</p><p>Gıda güvenliği ve hijyen konusunda en üst düzey önlemler alınarak üretilmiş olan İstanbul Halk Ekmekleri\'ni çocuklarınıza da rahatlıkla yedirebilirsiniz.</p><p><br>&nbsp;</p><p>Çavdar ekmekleri dilimli yapısıyla size hızlı kahvaltı etmeniz gereken zamanlarda pratik bir şekilde tost yapma imkanı sunar.&nbsp;</p><p><br>&nbsp;</p>','78c244ca853274335ecc38afe7b8ad11.png',3,NULL,'True',NULL),(27,'Portakal Suyu','içecek','içecek',NULL,NULL,NULL,NULL,15,3,5,NULL,'<p><strong>Pressh Portakal Suyu</strong>, lezzetli ve taptaze portakal suyudur.</p><p>&nbsp;</p><p>Taze meyve sularını kahvaltılarda tüketerek güne zinde bir başlangıç yapabilir ya da gün içinde ferahlamak istediğinizde tercih edebilirsiniz.&nbsp;</p>','2f9c44895a8d07e2c67b66251367a554.png',15,NULL,'True',NULL),(28,'Yedigün','Yedigün','Yedigün',NULL,NULL,NULL,NULL,3,2,3.5,NULL,'<p><strong>Yedigün Portakal</strong>, meyveli gazoz sevenlerin favori içeceklerinden biri. Kaliteli lezzeti ve içimi hoş portakallı içeriği ile serinlemek istediğiniz anlarda tercih edebilirsiniz.&nbsp;</p><p><br>&nbsp;</p><p>Yemeklerde ya da öğün aralarında tüketebilir, serinliğin ve lezzetin keyfini yaşayabilirsiniz. 450 ml.\'lik ambalajı ile serinliğe doymak isteyenler için ideal.&nbsp;</p>','d482523683df66a80ca9d4891dd4f0d4.png',15,NULL,'True',NULL),(29,'Kola','Kola','Kola',NULL,NULL,NULL,NULL,21,2,5,NULL,'<p><strong>Coca-Cola Coffee</strong>, Brezilya kahve çekirdeklerinin leziz tadıyla hazırlanmış serinleten ve canlandıran bir içecek sunar. Alışık olduğunuz Coca-Cola lezzetini şekersiz bir şekilde kahve aromasıyla buluşturan ürün, daha enerjik hissetmenize yardımcı olur. Pratik kutu ambalajı sayesinde gün içinde yanınızda taşıyabilir ve istediğiniz her an tüketebilirsiniz.</p>','81aadc61913c9381061498d703d3587f.png',15,NULL,'True',NULL),(30,'Meyve Suyu','Meyve Suyu','Meyve Suyu',NULL,NULL,NULL,NULL,15,1,3,NULL,'<p>Uzun yaşamın ve ölümsüzlüğün simgesi şeftalinin Türkiye topraklarındaki başkenti Bursa\'dır. Bursa şeftalisinin lezzetinin sırrı, Uludağ eteklerinden çıkan kaynak sularında ve yamaç rüzgârlarında saklıdır. İşte bu yüzden, Tropicana Bursa Şeftali Nektarı tamamen Bursa Şeftalilerinden üretilmiştir. Doğal ve güvenilir bir üründür.</p>','444688afb7461b373032aea9faec73b0.png',15,NULL,'True',NULL),(31,'Meyve Suyu','Meyve Suyu','Meyve Suyu',NULL,NULL,NULL,NULL,25,2,6,NULL,'<p><strong>Tropicana Pastane Limonata</strong>, çok lezzetli ve ferahlatan bir içecek keyfi sunar.</p><p><br>&nbsp;</p><p>Limonun ferahlatan tadını geleneksel limonata tadıyla sunan içecektir. Özellikle poğaça, kek, simit gibi hamur işleriyle çok uyumlu bir lezzet sunar.&nbsp;</p>','475030b73078e3a44407c6337b61d131.jpeg',15,NULL,'True',NULL),(32,'Su','Su','Su',NULL,NULL,NULL,NULL,30,0,1,NULL,'<p>Kolay açılır sporcu kapağı ile hareket halindeyken de kolayca suyunuzu içebilirsiniz. 0,75L\'lik ideal boyu sayesinde yanınızda kolayca taşıyabilirsiniz.</p>','ac197172181cd805bc5365fc20035111.png',16,NULL,'True',NULL),(33,'Su','Su','Su',NULL,NULL,NULL,NULL,15,1,3,NULL,'<p><strong>Hayat Su İltifatlar</strong>, büyük şişe tasarımı ile günlük su tüketiminizi arttıracak.&nbsp;</p><p><br>&nbsp;</p><p>Şık tasarımı ile Hayat Su, size sık sık su içme gereksiniminizi hatırlatacak. Ofiste masa üstü kullanmak ya da çantaya atmak için ideal bir boya sahip.&nbsp;</p><p><br>&nbsp;</p>','8c70cfb495f9df67f6345cc200f5e0b2.jpeg',16,NULL,'True',NULL),(34,'Su','Su','Su',NULL,NULL,NULL,NULL,30,1,3,NULL,'<p><strong>Abant Su Cam 750 Ml</strong>, vücudunuzun vazgeçilmez ihtiyacını doğal yollardan üretilmiş bir su ile karşılayabilirsiniz.&nbsp;<br><br>Şişesinin cam olması sayesinde mikroplara karşı daha etkin bir önlem alabilirsiniz. Oldukça doğal ve güvenilirdir. Her anınızda rahatlıkla taşıyabilir, afiyetle içebilirsiniz.&nbsp;<br><br>Abant Su Cam 750 Ml&nbsp;ürününü Migros Sanal Market\'in&nbsp; <strong>Sade Sular&nbsp;</strong>reyonundan satın alabilir, tek tıkla online sipariş verebilir, ödemeyi&nbsp; <strong>online olarak ya da kapıda kredi kartı&nbsp;</strong>ile gerçekleştirerek ürününüzü aynı gün içinde teslim alabilirsiniz. &nbsp;</p>','1e4f3123f308724cb0ea82a5ec7457b2.jpeg',16,NULL,'True',NULL),(35,'Su','Su','Su',NULL,NULL,NULL,NULL,41,1,3,NULL,'<p><strong>Hayat Su Mickey/Minnie</strong>, sevilen Disney kahramanları ile su içmeyi keyfe dönüştürüyor.&nbsp;</p><p><br>&nbsp;</p><p>Zinde bir beden için gün içinde sıkça su tüketilmesi öneriliyor. Çocuklarınıza da bu alışkanlığı erken yaşlarda kazandırmak için Hayat suyu tercih edebilirsiniz.&nbsp;</p>','b5eb0c4c01e8400f955c6b336eb8fcdc.png',16,NULL,'True',NULL),(36,'Su','Su','Su',NULL,NULL,NULL,NULL,30,3,9,NULL,'<p>&nbsp;</p>','ee14125a9ec57fb62c42422ce3dbc165.jpeg',16,NULL,'True',NULL),(37,'Kıyma','Kıyma','Kıyma',NULL,NULL,NULL,NULL,20,10,12.8,NULL,'<p><strong>Dana Kıyma Uzman Kasap,</strong>&nbsp;taze bir et çeşididir. Kaynağı belli&nbsp;<strong>iyi et</strong>, Migros müşterilerine ulaşana kadar 220 kontrolden geçmiştir. Migros\'ta etin kalitesi doğru ve kaliteli ham madde seçmekle başlar. Migros\'ta et ürünleri, soğuk zinciri sağlanarak depolanır.&nbsp;<strong>Et ve et ürünleri</strong>, günlük sevkiyat sonucu taze olarak Migros müşterilerine ulaşır.</p><p><br>&nbsp;</p><p>Muhafaza Koşulu: 0-4 C\'de muhafaza ediniz.</p><p>Menşei Ülke: Türkiye</p>','fb32bad147b81d38e29eb317453e5b36.jpeg',11,NULL,'True',NULL),(38,'Köfte','Köfte','Köfte',NULL,NULL,NULL,NULL,23,5,15,NULL,'<p>Uzman Kasap Dana Tekirdağ Köfte Kg<br>&nbsp;</p>','c05dde8ec6d89946b42cb1516f881f0b.jpeg',11,NULL,'True',NULL),(39,'Somon Balığı','Somon Balığı','Somon Balığı',NULL,NULL,NULL,NULL,15,25,30,NULL,'<p><strong>Norveç Somon Fileto</strong>, ülkemize Norveç\'ten ithal edilen, yumuşacık, pembe etli bir balık türüdür. İnce, fileto şeklinde kesilmiştir.</p><p><br>&nbsp;</p><p>Soğuk denizlerden gelen bu lezzetli balık, az kılçıklı yemesi kolay bir türdür. Fırınlayarak ya da ızgarada pişirerek tüketebilirsiniz. Yanına bir salata yapabilir, makarnanıza katabilir ya da buharda sebzelerle servis edebilirsiniz.&nbsp;</p>','0c72b1b1296686f4f5ebe01a14bc176a.jpeg',11,NULL,'True',NULL),(40,'Hamsi','Hamsi','Hamsi',NULL,NULL,NULL,NULL,27,5,15,NULL,'<p><strong>Hamsi</strong>, ince uzun bir gövdeye sahip olmasının yanı sıra özellikle Karadeniz\'de bulunur. Marmara, Ege ve Akdeniz\'de de görülen hamsi, omega 3 açısından zengin olmasıyla da bilinir.</p><p><br>&nbsp;</p><p>Tavası ve buğulaması çok ünlü olan hamsinin çorbadan pilavına pek çok yemek leziz yemek çeşidi yapılır.</p>','0824af8c66b6f118bb81885a8be7a70c.jpeg',11,NULL,'True',NULL),(41,'Çipura','Çipura','Çipura',NULL,NULL,NULL,NULL,20,15,20,NULL,'<p><strong>Çipura 400/600 g.</strong>, Türkiye\'nin Batı ve Güney kıyılarında yetişir. Beyaz etli ve lezzetli bir türdür. &nbsp;<br><br>Çipura, az kılçıklı yapısı ve sert eti ile yemesi keyifli balıklardandır. Fırınlayarak ya da ızgarada pişirerek lezzetli sonuçlar elde edebilirsiniz.&nbsp;</p>','579d1c1f19d05613aab7d129b6b4711f.jpeg',11,NULL,'True',NULL),(42,'Felix Pouch Çifte Lezzet','Felix Pouch Çifte Lezzet Et&tavuk 100 G','Felix Pouch Çifte Lezzet Et&tavuk 100 G',NULL,NULL,NULL,NULL,5,3,3.95,NULL,'<p><strong>Felix Pouch Çifte Lezzet Et&amp;Tavuk 100 gr.</strong>, kedilerin damak tadına uygun, leziz ve besleyici yaş mamadır.&nbsp;</p><p><br>&nbsp;</p><p>Konserve mamalar, kedinizin günlük besin ihtiyacını tamamen karşılar.&nbsp;</p><p><br>&nbsp;</p><p>Felix Pouch Çifte Lezzet Et&amp;Tavuk 100 gr.&nbsp;ürününü Migros Sanal Market\'in&nbsp;<strong>Kedi Mamaları </strong>reyonundan satın alabilir, tek tıkla online sipariş verebilir, ödemeyi&nbsp;<strong>online olarak ya da kapıda kredi kartı </strong>ile gerçekleştirerek ürününüzü aynı gün içinde teslim alabilirsiniz.</p>','924729530d2c165f05334704c6b4e272.jpeg',12,NULL,'True',NULL),(43,'Kedi Kumu','Akkum Lavanta Kokulu İnce Taneli Kedi Kumu 5 L','Akkum Lavanta Kokulu İnce Taneli Kedi Kumu 5 L',NULL,NULL,NULL,NULL,6,15,16.9,NULL,'<p>&nbsp;</p>','7a5eb5ac993faf18b721b10f40a4bbf7.jpeg',12,NULL,'True',NULL),(44,'Çiğneme Çerezi','Pedigree Markies Çiğneme Çerezi 150 G','Pedigree Markies Çiğneme Çerezi 150 G',NULL,NULL,NULL,NULL,7,8,12,NULL,'<p><strong>Pedigree Markies Çiğneme Çerezi </strong>lezzetli ödül bisküvisidir.&nbsp;Çok lezzetli olduğu için küçük dostlarınız tarafından sevilerek tüketilir. Köpeklerinize eğitim verirken onları Markies ile ödüllendirebilirsiniz.&nbsp;</p><p><br>&nbsp;</p><p>Yeme ve içme eğitimi için, köpek önüne konulan besini hemen bitirmeli, bitirmediği takdirde belli bir süre sonra kaldırılmalı (30 dakika) ve yemek her gün aynı saatlerde verilmelidir.</p><p>Köpeğinize evde tuvalet eğitimi verebilmek için öncelikle uygun bulduğunuz bir yere gazete kağıtları sermeniz gerekmektedir. Köpek ne zaman tuvaletini gazetenin üzerine yapsa ödüllendirilmelidir. Birkaç kat üst üste koyulmuş olan bu gazete kağıtları pislendikçe üstteki katın atılması önerilir. Eğer köpek gazete kağıdından başka bir yere tuvaletini yaparsa ona&nbsp;sert davranılmaması ve bağırılmaması gerekir. Bu tarz tepkiler köpek üzerinde ileriye yönelik olumsuz etkiler bırakabilir. Yapılması gereken o bölgeyi&nbsp;temizlerken köpeğin sahibinin yanında olmasıdır. Yapılan temizliği ve sahibinin surat ifadesini gören köpek,&nbsp;yaptığı şeyin yanlış olduğunu anlayacaktır.</p><p>&nbsp;</p><p>Köpek gazete kağıdına alışmaya başladıktan sonra gazete ile kaplı alan küçültülmeli veya bu gazeteler istenilen yere koyulmalıdır. Ancak bu yer değişimi bir anda yapılmamalıdır. Aşamalı olarak ve alıştırılarak yapılması oldukça önemlidir. Tuvalet eğitimi köpeğe 5-7 yaşa kadar verilmelidir. Kimi köpek kolayca bu alışkanlığı kazanırken, kimisinin alışması biraz daha uzun sürebilir.</p><p>&nbsp;</p>','9b7f431ef438c8513521115c60a9751d.jpeg',12,NULL,'True',NULL),(45,'Somonlu&karidesli','Felıx Sensatıons Somonlu&karidesli 100 G','Felıx Sensatıons Somonlu&karidesli 100 G',NULL,NULL,NULL,NULL,6,3,5,NULL,'<p>&nbsp;</p>','85ded40e16f20cb74423e2c61286661a.jpeg',12,NULL,'True',NULL),(46,'Biftekli Köpek Konservesi','Pedigree Biftekli Köpek Konservesi 400 G','Pedigree Biftekli Köpek Konservesi 400 G',NULL,NULL,NULL,NULL,8,8,15,NULL,'<p><strong>Pedigree Biftekli Köpek Konservesi </strong>doğal ve kaliteli malzemelerden hazırlanmış bir konservedir. Üretiminde dondurulmamış ve işlenmemiş taze et&nbsp;kullanılmıştır.&nbsp;Sadık dostlarımız olan köpeklere kaliteli, leziz ve doğal beslenme imkanı sunmak amacı ile özenle hazırlanmıştır.&nbsp;Köpeğinizin temel besinleri alabileceği bir üründür. Kuru köpek mamalarının çok iyi bir tamamlayıcısı olmakla birlikte, tek başına da çok lezzetli bir&nbsp;öğündür.&nbsp;Yediklerinden sıkılan köpeğiniz için farklı ve damak tadına uygun bir alternatif olacaktır.&nbsp;</p><p><br>&nbsp;</p><p>Yavru köpekler&nbsp;için günlük öğün sayısı beş olarak planlanmalıdır.&nbsp;Büyüdükçe azaltılan öğün sayısı bir yaşına geldiğinde&nbsp;tek sefere indirilmelidir.&nbsp;Yeme ve içme eğitimi için, köpek önüne konulan besini hemen bitirmeli, bitirmediği takdirde belli bir süre sonra kaldırılmalı (30 dakika) ve yemek her gün aynı saatlerde verilmelidir.</p><p>Köpeğinize evde tuvalet eğitimi verebilmek için öncelikle uygun bulduğunuz bir yere gazete kağıtları sermeniz gerekmektedir. Köpek ne zaman tuvaletini gazetenin üzerine yapsa ödüllendirilmelidir. Birkaç kat üst üste koyulmuş olan bu gazete kağıtları pislendikçe üstteki katın atılması önerilir. Eğer köpek gazete kağıdından başka bir yere tuvaletini yaparsa ona&nbsp;sert davranılmaması ve bağırılmaması gerekir. Bu tarz tepkiler köpek üzerinde ileriye yönelik olumsuz etkiler bırakabilir. Yapılması gereken o bölgeyi&nbsp;temizlerken köpeğin sahibinin yanında olmasıdır. Yapılan temizliği ve sahibinin surat ifadesini gören köpek,&nbsp;yaptığı şeyin yanlış olduğunu anlayacaktır.</p><p>&nbsp;</p><p>Köpek gazete kağıdına alışmaya başladıktan sonra gazete ile kaplı alan küçültülmeli veya bu gazeteler istenilen yere koyulmalıdır. Ancak bu yer değişimi bir anda yapılmamalıdır. Aşamalı olarak ve alıştırılarak yapılması oldukça önemlidir. Tuvalet eğitimi köpeğe 5-7 yaşa kadar verilmelidir. Kimi köpek kolayca bu alışkanlığı kazanırken, kimisinin alışması biraz daha uzun sürebilir.</p>','7ff8372fb30dae4a338bb5bdbe8f9f42.jpeg',12,NULL,'True',NULL),(47,'Sütaş Pastörize Günlük Süt 1 L','Sütaş Pastörize Günlük Süt 1 L','Sütaş Pastörize Günlük Süt 1 L',NULL,NULL,NULL,NULL,15,2,3,NULL,'<p>Sütaş çiftliğinin taze sütlerinden üretilmektedir. Eşsiz bir besin deposu olan süt, doğasındaki değerleri korunarak, sağımdan en geç 24 saat sonra satış noktalarına ulaşmaktadır.</p><p><br>&nbsp;</p><p>Kahvaltılarda ve ara öğünlerde tüketebilir, kahvenizi lezzetlendirmek için tercih edebilirsiniz.&nbsp;</p>','df953f7428dc243ab2b3898d8ed65ed2.jpeg',17,NULL,'True',NULL),(48,'Sek Süt 200 Ml','Sek Süt 200 Ml','Sek Süt 200 Ml',NULL,NULL,NULL,NULL,20,1,2,NULL,'<p>Özenle seçilmiş sütler <strong>Türk Gıda Kodeksine uygundur</strong>.&nbsp;135⁰C’de 3-5 saniye içinde sterilize edilmiştir. Ambalajı açılmadığı taktirde ve oda koşullarında saklanırsa 4 ay boyunca tazeliğini koruyabilir.&nbsp;</p>','138bf5af2e6698fd47d8b1fd2b67b19c.jpeg',17,NULL,'True',NULL),(49,'İçim Süt 200 Ml','İçim Süt 200 Ml','İçim Süt 200 Ml',NULL,NULL,NULL,NULL,8,3,5,NULL,'<p>Ülker İçim; <strong>&nbsp;sütten, peynire, ayrana ve meyve suyuna&nbsp;</strong>kadar uzanan geniş ürün yelpazesiyle <strong>Türk damak tadı</strong> ve <strong>sofra kültürüne </strong>uygun hijyenik koşullarda üretilmektedir.&nbsp;</p>','e6c88a5d010a8cf0afef5d25009b036c.jpeg',17,NULL,'True',NULL),(50,'Pınar Süt 200 Ml','Pınar Süt 200 Ml','Pınar Süt 200 Ml',NULL,NULL,NULL,NULL,9,2,3,NULL,'<p>Sütün daha fazla insana ulaşmasını sağlayan <strong>&nbsp;UHT</strong>&nbsp;teknolojisini ilk kez Pınar Süt kullanmıştır. UHT, <strong>&nbsp;Ultra Isıl İşlemdir</strong>&nbsp;ve sütün ömrünü günlerden aylara çıkartır. Bu sayede süt ilk günkü tazeliğinde daha çok insana ulaşmaktadır. Anadolu\'nun en modern çiftliklerinden toplanan sütler, bütün aşamalar sonucunda 132 kez kontrolden geçmiş olur.&nbsp;</p>','e1122d8d18a22bdc9593bf3504accfae.jpeg',17,NULL,'True',NULL),(51,'Pınar Süt 6X200 Ml','Pınar Süt 6X200 Ml','Pınar Süt 6X200 Ml',NULL,NULL,NULL,NULL,5,6,10,NULL,'<p>Sütün daha fazla insana ulaşmasını sağlayan <strong>&nbsp;UHT</strong>&nbsp;teknolojisini İlk kez Pınar Süt kullanmıştır. UHT, <strong>&nbsp;Ultra Isıl İşlemdir</strong>&nbsp;ve sütün ömrünü günlerden aylara çıkartır. Bu sayede süt ilk günkü tazeliğinde daha çok insana ulaşmaktadır. Anadolu\'nun en modern çiftliklerinden toplanan sütler, bütün aşamalar sonucunda 132 kez kontrolden geçmiş olur.&nbsp;</p>','84e7e76caa329895d6c95acbcf9e7623.jpeg',17,NULL,'True',NULL),(52,'Ekici Beyaz Peynir Kg','Ekici Beyaz Peynir Kg','Ekici Beyaz Peynir Kg',NULL,NULL,NULL,NULL,15,5,11,NULL,'<p>Muhafaza Koşulu: 0-4 C\'de muhafaza ediniz.</p><p>Menşei Ülke:&nbsp;Türkiye</p><p>Üretici Adı: Ekiciler Süt Gıda Tarım Hayv. San. ve Tic. A.Ş.</p><p><br>&nbsp;</p><p>Peyniri keserken, peynir bıçağı kullanılmalıdır ve bıçağın ıslatılması gerekmektedir. Bu peynirin düzgün kesilmesine yardımcı olacaktır. Peynir eğer hemen tüketilmeyecek ise, kendi ambalajında saklanmalıdır. Tüm peynir çeşitleri, ışıksız ortamda, buzdolabında muhafaza edilmelidir. Ambalajı açıldıktan sonra ise uygun bir saklama kabında, hava ile teması kesilerek korunmalıdır.</p>','0db6b8aed5b117baa27cbb0fcb18e49c.jpeg',18,NULL,'True',NULL),(53,'Bahçıvan Tost Kaşar Peynir Kg','Bahçıvan Tost Kaşar Peynir Kg','Bahçıvan Tost Kaşar Peynir Kg',NULL,NULL,NULL,NULL,47,8,12,NULL,'<p><strong>Bahçıvan Tost Kaşar Peyniri kg. </strong>pastörize edilmiş inek sütünden üretilmektedir. Kaşarlar özel olarak tasarlanmış olgunlaştırma odasında bekletilerek has tat koku ve kehribar sarısı rengine kavuşur.</p><p><br>&nbsp;</p><p>Kahvaltının yanı sıra diğer öğünlerde de afiyetle yiyebilirsiniz. Tost yapımında, salatalarda ve yemeklerde sos olarak kullanabilirsiniz.</p><p><br>&nbsp;</p><p>Üretim tesislerinde kontrollerden geçen sütler pastörizasyon işlemine tabi tutulur. Pastörizasyon sütteki var olması mümkün zararlı mikropların arınması için yapılan bir işlemdir. Pastörize edilmiş sütler yapılacak peynire göre özel işlemlerden geçmektedir.</p><p><br>&nbsp;</p><p>Peynir eğer hemen tüketilmeyecek ise, kendi ambalajında saklanmalıdır. Tüm peynir çeşitleri, ışıksız ortamda, buzdolabında muhafaza edilmelidir. Ambalajı açıldıktan sonra ise uygun bir saklama kabında, hava ile teması kesilerek korunmalıdır.</p><p><br>&nbsp;</p><p>Muhafaza Koşulu: 0-4 C\'de muhafaza ediniz.</p><p>Menşei Ülke: Türkiye</p><p><br>&nbsp;</p><p>Üretici Adı: Bahçıvan Gıda San. ve Tic. A.Ş.</p>','437a709c38db3f92e3e2d6505a6e7b1b.jpeg',18,NULL,'True',NULL),(54,'Muratbey Burgu Peynir Kg','Muratbey Burgu Peynir Kg','Muratbey Burgu Peynir Kg',NULL,NULL,NULL,NULL,25,5,8,NULL,'<p><strong>Muratbey Burgu Peynir kg. az tuzlu, doğal ve besleyicidir</strong>. Burgu formundaki peynir; çocuklara peyniri sevdirir. Muratbey Burgu Peynir\'i kahvaltının yanı sıra diğer öğünlerde de afiyetle yiyebilirsiniz.</p><p><br>&nbsp;</p><p>Muratbey ürünleri; TS EN ISO 9001 Kalite Yönetim Sistemi ve ISO 22000 Gıda Güvenliği Yönetim Sistem\'ne uygun olarak üretilmiştir.</p><p><br>&nbsp;</p><p>Peynirin dış yüzeyindeki tuzu almak için sudan geçirmeyi unutmayın. +2/4 C’de muhafaza ediniz. Buzdolabında salamura suyunda saklanması önerilir.</p><p><br>&nbsp;</p><p>Muhafaza koşulu: 0-4 C\'de muhafaza ediniz.</p><p>Menşei ülke: Türkiye</p><p>Üretici adı: Muratbey Gıda ve Süt Ür. Paz. San. ve Tic. Ltd. Şti.</p><p>&nbsp;</p>','eb20c8db099e1cb6eadaaa4dd416c568.jpeg',18,NULL,'True',NULL),(55,'Sütaş Süzme Peynir 500 G','Sütaş Süzme Peynir 500 G','Sütaş Süzme Peynir 500 G',NULL,NULL,NULL,NULL,51,3,5,NULL,'<p><strong>Sütaş Süzme Peynir.</strong></p><p><br>&nbsp;</p><p>Sütaş Çiftliği’nin yüzde 100 doğal ve taze sütleriyle üretilen Sütaş Süzme Beyaz Peynir\'i kahvaltının yanı sıra diğer öğünlerde de afiyetle yiyebilirsiniz. Özel bir kıvamı bulunan peynirin beyaz pürüzsüz dokusu bulunmaktadır. Dilimlenebilir ve sürülebilir.</p><p><br>&nbsp;</p><p>Tüm peynir çeşitleri, ışıksız ortamda, buzdolabında muhafaza edilmelidir. Ambalajı açıldıktan sonra ise uygun bir saklama kabında, hava ile teması kesilerek korunmalıdır.</p>','433f71fc6d68791ab5c4f5b88d68e0a7.jpeg',18,NULL,'True',NULL),(56,'İçim Süzme Peynir 250 G','İçim Süzme Peynir 250 G','İçim Süzme Peynir 250 G',NULL,NULL,NULL,NULL,63,4,7,NULL,'<p><strong>Ülker İçim Süzme Peynir 250 Gr.</strong>, kahvaltıda keyifle tüketeceğiniz bir peynir ürünüdür.&nbsp;<br><br>Ülker İçim Süzme Peynir 250 Gr. kahvaltıda kolay sürülen ve çok lezzetli etkisiyle çocuklarınız da severek tüketeceği bir üründür. Ayrıca sürülebilen yapısıyla sandviç hazırlarken de tercihe edebileceğiniz bu ürünü kızarmış sıcak ekmeklere sürmeyi mutlaka deneyin.&nbsp;<br><br>Ülker İçim Süzme Peynir 250 Gr.&nbsp;ürününü Migros Sanal Market\'in&nbsp; <strong>Beyaz Peynirler</strong>&nbsp;reyonundan satın alabilir, tek tıkla online sipariş verebilir, ödemeyi&nbsp; <strong>online olarak ya da kapıda kredi kartı</strong>&nbsp;ile gerçekleştirebilirsiniz.</p>','53aecb27621a3c10d9d67c86f89a08f8.jpeg',18,NULL,'True',NULL),(57,'Vanilyalı Dondurma','Pernigotti Vanilyalı Dondurma 175 Ml','Pernigotti Vanilyalı Dondurma 175 Ml',NULL,NULL,NULL,NULL,5,9,10,NULL,'<p><strong>Pernigotti Vanilyalı Dondurma</strong>, vanilyanın tatlı lezzeti ve aroması, Pernigotti çikolatası ile buluştu, ortaya leziz bir dondurma çıktı!&nbsp;</p><p><br>&nbsp;</p><p>Pernigotti\'nin enfes çikolatası, vanilya aroması ile dondurma halinde de çok lezzetli. Denemek için alışveriş listenize eklemeyi unutmayın.&nbsp;</p>','ae7f5b8d93c3fdfd3b19364b27509372.jpeg',23,NULL,'True',NULL),(58,'Fıstıklı Dondurma','Pernigotti Fıstıklı Dondurma 175 Ml','Pernigotti Fıstıklı Dondurma 175 Ml',NULL,NULL,NULL,NULL,56,9,10,NULL,'<p><strong>Pernigotti Fıstıklı Dondurma</strong>, çikolata kaplamalı, Antep fıstığı parçalı içeriği ile dondurma sevenlerin favori lezzetlerinden biri.&nbsp;</p><p><br>&nbsp;</p><p>Sıcak yaz günlerinde tatlı bir serinlikle ferahlamak isterseniz Pernigotti fıstıklı dondurmayı tercih edebilirsiniz.&nbsp;</p>','a1f88f01c2b55f195ecbff76b1f70c11.jpeg',23,NULL,'True',NULL),(59,'Vanilyalı Dondurma(500)','Pernigotti Vanilyalı Dondurma 500 Ml','Pernigotti Vanilyalı Dondurma 500 Ml',NULL,NULL,NULL,NULL,35,15,28,NULL,'<p><strong>Pernigotti Vanilyalı Dondurma</strong>, vanilyanın duyuları harekete geçiren aroması ile yaz sıcaklarında sizleri serinletecek.&nbsp;</p><p><br>&nbsp;</p><p>İster sade isterseniz de meyvelerle ya da tatlılarla bir arada tüketebileceğiniz vanilyalı dondurma büyük küçük herkesin favorisi olacak.&nbsp;</p>','4eb96324d3b7f5fca96a8e268e35a3e5.jpeg',23,NULL,'True',NULL),(60,'Cherry Cherry Dondurma','Magnum Cherry Cherry Dondurma 100 Ml','Magnum Cherry Cherry Dondurma 100 Ml',NULL,NULL,NULL,NULL,18,6,8,NULL,'<p><strong>Magnum Cherry Cherry Dondurma</strong>&nbsp;kirazlı ve sütlü dondurması ve klasik Magnum çikolata kaplaması ile dondurmadan aldığınız hazzı çoğaltıyor.&nbsp;</p><p><br>&nbsp;</p><p>Yılın her döneminde tüketebileceğiniz Magnum dondurması, serin lezzeti ve kirazlı içeriği ile vazgeçilmezlerinizden olacak.</p>','02fd0f3651c5306ff1977e1ab0b337f8.png',23,NULL,'True',NULL),(61,'Stracciatella Dondurma','Pernigotti Stracciatella Dondurma 500Ml','Pernigotti Stracciatella Dondurma 500Ml',NULL,NULL,NULL,NULL,16,5,10,NULL,'<p><strong>Pernigotti Stracciatella Dondurma</strong>, kendine has lezzeti ile olduğu kadar doğal içeriğiyle de güvenle tercih edebileceğiniz lezzetlerden biri.&nbsp;</p><p><br>&nbsp;</p><p>Glikoz, früktoz şurubu ve trans yağ gibi yapay içeriklere yer vermeyen Pernigotti dondurması, İtalyan ustaların tarifleriyle hazırlanıyor. Çikolata parçacıklı bu enfes lezzeti denemeden geçmeyin.&nbsp;</p>','80f78d6ea6a670c52364c3df3438ae54.jpeg',23,NULL,'True',NULL);

#
# Structure for table "setting"
#

DROP TABLE IF EXISTS `setting`;
CREATE TABLE `setting` (
  `id` int(11) NOT NULL AUTO_INCREMENT,
  `title` varchar(100) COLLATE utf8mb4_unicode_ci DEFAULT NULL,
  `description` varchar(255) COLLATE utf8mb4_unicode_ci DEFAULT NULL,
  `keywords` varchar(255) COLLATE utf8mb4_unicode_ci DEFAULT NULL,
  `company` varchar(255) COLLATE utf8mb4_unicode_ci DEFAULT NULL,
  `address` varchar(255) COLLATE utf8mb4_unicode_ci DEFAULT NULL,
  `fax` varchar(15) COLLATE utf8mb4_unicode_ci DEFAULT NULL,
  `phone` varchar(15) COLLATE utf8mb4_unicode_ci DEFAULT NULL,
  `email` varchar(50) COLLATE utf8mb4_unicode_ci DEFAULT NULL,
  `smtpserver` varchar(100) COLLATE utf8mb4_unicode_ci DEFAULT NULL,
  `smtpemail` varchar(50) COLLATE utf8mb4_unicode_ci DEFAULT NULL,
  `smtppassword` varchar(20) COLLATE utf8mb4_unicode_ci DEFAULT NULL,
  `smtpport` int(11) DEFAULT NULL,
  `aboutus` longtext COLLATE utf8mb4_unicode_ci,
  `contact` longtext COLLATE utf8mb4_unicode_ci,
  `referances` longtext COLLATE utf8mb4_unicode_ci,
  `status` varchar(10) COLLATE utf8mb4_unicode_ci DEFAULT NULL,
  PRIMARY KEY (`id`)
) ENGINE=InnoDB AUTO_INCREMENT=2 DEFAULT CHARSET=utf8mb4 COLLATE=utf8mb4_unicode_ci;

#
# Data for table "setting"
#

INSERT INTO `setting` VALUES (1,'Sanal Market Sistemi','Marketimizin bulunduğu her ilde evlere servis hizmeti sağlanmaktadır.','Markalı Gıdalar, Ev yapımı gıdalar, Sebzeler ve Meyveler, Mutfak, İçecekler','Pazar Sanal Market','Atatürk Mah.  Ataşehir / İSTANBUL','0 000 000 00',NULL,NULL,'smtp.gmail.com','pazarsm@gmail.com','1234',587,'<p>&nbsp; &nbsp; &nbsp; &nbsp; Türkiye’nin ilk sanal market uygulaması olan ve 1997 yılından bu yana, müşterilerin bir Pazar mağazasında bulabilecekleri tüm ürünleri kapıda teslim hizmeti ile sunan Pazar Sanal Market, Türkiye’nin uygulamalarında öncü, pazarı geliştiren, en büyük ve yaygın gıda e-ticaret sitesidir. Pazar Sanal Market’ten Pazar&nbsp;mağazalarında satılan tüm ürünler, Pazar&nbsp;mağazaları ile aynı fiyat ve avantajlarla 7 gün 24 saat boyunca internet üzerinden sipariş edilebilmektedir.</p><p>Pazar&nbsp;Sanal Market, müşteri odaklı, güvenilir, teknolojik ve yenilikçi yapısı ile yaşam kalitesini ileriye taşımakta öncü rol üstlenmekte, market alışverişini hızlı, kolay ve keyifli bir hale getirmektedir. Internet’ten market alışverişini cazip hale getirerek, alışkanlıkları değiştirmek, müşterilerin rutin market alışverişine ihtiyaç duyduğu noktada bir seçenek olarak akıllarına gelmek, Pazar&nbsp;Sanal Market’ten alışveriş yapmanın ayrıcalık olduğunu ve sağlayacağı kolaylık ve zaman kazandırması ile müşterilerinin yaşam kalitelerini arttıracağını anlatmak amaçları arasındadır.</p><p>Zengin ürün çeşitliliği ile hizmet veren Pazar&nbsp;Sanal Market ile müşteriler, market alışverişlerini hızlı ve güvenli bir şekilde yapabilmekte, siparişlerinin ödemesini online, kapıda kredi kartı veya kapıda nakit olarak tamamlayabilmektedirler. Pazar&nbsp;mağazalarında olan tüm ürün ve hizmetler, geçerli tüm fiyat, indirim ve kampanyalar ile kaliteden ödün vermeden müşterilerin “kapısına kadar” aynı gün içinde veya belirtilen gündeki saat tercihine göre ulaştırılmaktadır.</p><p>Hizmetlerini internet ve telefonun yanı sıra akıllı telefon ve tabletler ile de çeşitlendiren Pazar&nbsp;Sanal Market 2010 yılında, “Mobil Market” uygulaması ile teknolojik bir yeniliğe öncülük etmiştir. Mobil Market Uygulaması ile “2011-2012 Perakendede Yılın Teknoloji Uygulaması Ödülü” sahibi Pazar&nbsp;Sanal Market, bu uygulama ile Türkiye’de ilk olarak alışverişte yeni bir çığır açmıştır. Pazar&nbsp;Sanal Market Mobil Uygulaması’nın iPhone/iPad ve Android cihazlar için Türkiye’de ilk olan barkod ile arama ve sipariş etme özelliğinin yanı sıra yine Android cihazlar için Türkiye’de bir ilk olan “Ses ile Ürün Arama Özelliği” sayesinde siparişler hızlıca oluşturulabilmektedir.&nbsp;</p>','<figure class=\"table\"><table><thead><tr><th colspan=\"2\"><h4><strong>İLETİŞİM BİLGİLERİ</strong></h4></th></tr></thead><tbody><tr><td><strong>Adres:</strong></td><td>Atatürk Mah. Turgut Özal Caddesi</td></tr><tr><td><strong>Adres:</strong></td><td>Ataşehir / İSTANBUL</td></tr><tr><td><strong>Telefon</strong></td><td>0312 000 00 00</td></tr><tr><td><strong>E-posta:</strong></td><td>market@pazarsanal.com.tr</td></tr><tr><td><strong>Vergi Dairesi:</strong></td><td>Büyük Mükellefler Vergi Dairesi</td></tr><tr><td><strong>Vergi No:</strong></td><td><strong>000 000 0000</strong></td></tr><tr><td><strong>Mersis No:</strong></td><td><strong>1234567891234567</strong></td></tr><tr><td><strong>Kayıtlı Meslek Odası:</strong></td><td>İstanbul Ticaret Odası</td></tr><tr><td><strong>Müşteri Hizmetleri Hattı:</strong></td><td>400 00 0</td></tr></tbody></table></figure><p>&nbsp;</p>','<p><strong>REFERANSLARIMIZ</strong></p><figure class=\"image\"><img src=\"https://i.superhaber.tv/2/649/382/storage/files/images/2018/04/16/18-nisan-sok-market-aktuel-urunler-GiUI_cover.jpg\"><figcaption>Şok</figcaption></figure><figure class=\"image\"><img src=\"http://idora.milliyet.com.tr/YeniAnaResim/2012/07/16/carrefoursa-da-4-istifa-2441202.Jpeg\" alt=\"CarrefourSA\'da 4 istifa\"><figcaption>Carrefoursa</figcaption></figure><figure class=\"image\"><img src=\"https://www.ankamall.com.tr/fileadmin/user_upload/GLOBAL/brand_stores/logos/Migros.jpg\" alt=\"Migros\"><figcaption>MigrosSanal Market</figcaption></figure><p>&nbsp;</p>','False');

#
# Structure for table "shopcart"
#

DROP TABLE IF EXISTS `shopcart`;
CREATE TABLE `shopcart` (
  `id` int(11) NOT NULL AUTO_INCREMENT,
  `userid` int(11) DEFAULT NULL,
  `productid` int(11) DEFAULT NULL,
  `quantity` int(11) DEFAULT NULL,
  PRIMARY KEY (`id`)
) ENGINE=InnoDB AUTO_INCREMENT=30 DEFAULT CHARSET=utf8mb4 COLLATE=utf8mb4_unicode_ci;

#
# Data for table "shopcart"
#

INSERT INTO `shopcart` VALUES (25,2,32,2),(26,2,44,4),(27,4,13,1),(28,4,9,4),(29,4,48,5);

#
# Structure for table "user"
#

DROP TABLE IF EXISTS `user`;
CREATE TABLE `user` (
  `id` int(11) NOT NULL AUTO_INCREMENT,
  `email` varchar(180) COLLATE utf8mb4_unicode_ci NOT NULL,
  `roles` varchar(50) COLLATE utf8mb4_unicode_ci DEFAULT NULL,
  `password` varchar(255) COLLATE utf8mb4_unicode_ci NOT NULL,
  `name` varchar(20) COLLATE utf8mb4_unicode_ci DEFAULT NULL,
  `status` varchar(10) COLLATE utf8mb4_unicode_ci DEFAULT NULL,
  `address` varchar(255) COLLATE utf8mb4_unicode_ci DEFAULT NULL,
  `city` varchar(20) COLLATE utf8mb4_unicode_ci DEFAULT NULL,
  `phone` varchar(15) COLLATE utf8mb4_unicode_ci DEFAULT NULL,
  PRIMARY KEY (`id`),
  UNIQUE KEY `UNIQ_8D93D649E7927C74` (`email`)
) ENGINE=InnoDB AUTO_INCREMENT=11 DEFAULT CHARSET=utf8mb4 COLLATE=utf8mb4_unicode_ci;

#
# Data for table "user"
#

INSERT INTO `user` VALUES (1,'test@test.com','ROLE_ADMIN','$2y$12$ipyl8SVek1JSK/EDsengOux8KdMp0GXj.Yv3hUZkf7jCBxVg9.pGO','Admin Konyar','True','Eminönü','İstanbul','05341231515'),(2,'mehmet@gmail.com','ROLE_USER','$2y$12$ipyl8SVek1JSK/EDsengOux8KdMp0GXj.Yv3hUZkf7jCBxVg9.pGO','Mehmet Yalçınkaya','True','100. Yıl','Karabük','05441231461'),(3,'esra@gmail.com','ROLE_USER','$2y$12$ipyl8SVek1JSK/EDsengOux8KdMp0GXj.Yv3hUZkf7jCBxVg9.pGO','Esrahan Konyar','True','Yeni Mahalle','Ankara','05321231616'),(4,'meryem@meryem.com','ROLE_USER','$2y$12$ipyl8SVek1JSK/EDsengOux8KdMp0GXj.Yv3hUZkf7jCBxVg9.pGO','Meryem Konyar','True','Kuşcağız mahallesi','Ankara','05354762158'),(5,'betul@betul.com','ROLE_USER','$2y$12$ipyl8SVek1JSK/EDsengOux8KdMp0GXj.Yv3hUZkf7jCBxVg9.pGO','Betül',NULL,'atatürk mah','İzmir','2131321321'),(6,'hatice@hatice.com','ROLE_USER','$2y$12$ipyl8SVek1JSK/EDsengOux8KdMp0GXj.Yv3hUZkf7jCBxVg9.pGO','Hatice',NULL,'eminönü','İstanbul','213136544'),(7,'ahmet@gmail.com','ROLE_USER','$2y$12$ipyl8SVek1JSK/EDsengOux8KdMp0GXj.Yv3hUZkf7jCBxVg9.pGO','Ahmet',NULL,'erdek','Balıkesir','5555555555'),(8,'irem@gmail.com','ROLE_USER','$2y$12$ipyl8SVek1JSK/EDsengOux8KdMp0GXj.Yv3hUZkf7jCBxVg9.pGO','irem',NULL,'ceyhan','Adana','053246182'),(9,'seyda@gmail.com','ROLE_ADMIN','$2y$12$ipyl8SVek1JSK/EDsengOux8KdMp0GXj.Yv3hUZkf7jCBxVg9.pGO','meryem@meryem.com','True',NULL,NULL,NULL),(10,'kral@gmail.com','ROLE_USER','$2y$12$ipyl8SVek1JSK/EDsengOux8KdMp0GXj.Yv3hUZkf7jCBxVg9.pGO','Mehmet Kral',NULL,'asdasd','Trabzon','123');

#
# Structure for table "users"
#

DROP TABLE IF EXISTS `users`;
CREATE TABLE `users` (
  `id` int(11) NOT NULL AUTO_INCREMENT,
  `name` varchar(20) COLLATE utf8mb4_unicode_ci NOT NULL,
  `email` varchar(50) COLLATE utf8mb4_unicode_ci NOT NULL,
  `password` varchar(100) COLLATE utf8mb4_unicode_ci NOT NULL,
  `type` varchar(10) COLLATE utf8mb4_unicode_ci NOT NULL,
  `status` varchar(10) COLLATE utf8mb4_unicode_ci NOT NULL,
  `created_at` datetime NOT NULL,
  `updated_at` datetime NOT NULL,
  PRIMARY KEY (`id`)
) ENGINE=InnoDB AUTO_INCREMENT=18 DEFAULT CHARSET=utf8mb4 COLLATE=utf8mb4_unicode_ci;

#
# Data for table "users"
#

INSERT INTO `users` VALUES (2,'Esrahan Konyar','esra@gmail.com','456','Admin','True','2018-11-24 02:09:33','2018-12-08 19:23:11'),(3,'Betül KONYAR','betul@gmail.com','159','Üye','True','2018-11-24 02:09:33','2018-11-24 02:09:57'),(4,'Mehmet YALÇINKAYA','mehmet@gmail.com','1175','Üye','True','2018-11-24 02:09:33','2018-11-24 02:09:57'),(9,'ahmet','ahmet@outlook.com','545454','Admin','True','2018-11-24 02:09:33','2018-11-24 02:09:57'),(14,'Meryem','meyem@gmail.com','5252','Üye','True','2018-11-24 02:38:51','0000-00-00 00:00:00'),(15,'sema','sema@outlookcom','895623','Üye','False','2018-11-24 02:47:57','0000-00-00 00:00:00'),(16,'esma','esma@gmail.com','159','Üye','False','2018-11-24 02:58:29','2018-11-24 03:01:24'),(17,'gamze','gamze@sdsad.com','56489654','Üye','True','2018-11-24 17:55:05','0000-00-00 00:00:00');
